<?xml version="1.0" encoding="UTF-8"?><_ROOT_ EMVERSION="14.3" ORIENTATION="HORIZONTAL">
<Workspace>
<NODES>
<NODE CLASS="SASHELP.EMMODL.AUTONEURAL.CLASS" COMPONENT="AutoNeural" ID="AutoNeural" X="1500" Y="462" DESCRIPTION="AutoNeural" DIAGRAMID="_ROOT_" PARENTID="" TOOLTYPE="MODEL" TOOLPREFIX="AutoNeural">
<PROPERTIES Architecture="SINGLE LAYER" TrainAction="SEARCH" Termination="OVERFITTING" TargetError="DEFAULT" Hidden="2" TotalHidden="30" MaxIter="8" AdjustIterations="Y" FinalTrain="Y" FinalIter="5" TotalTime="1 HOUR" Freeze="N" Direct="Y" Tanh="Y" Normal="Y" Sine="Y" Exponential="N" Identity="N" Logistic="N" Reciprocal="N" Softmax="N" Square="N" Tolerance="MEDIUM" Residuals="Y" Standardizations="N" HiddenUnits="N" outfit="" weights="" estds="" Bestds="" HistoryDs="" ForceRun="N" RunAction="Train" Component="AutoNeural">
<VariableProperties/>
<EmTargetAttributes>
<RETURNS_vs_INDEX_NEXT>
<DecData Table="EMWS6.AutoNeural_RETURNS_vs_INDEX_DD">
<Data>
<Obs RETURNS_VS_INDEX_NEXT="WINS" COUNT="118099" DATAPRIOR="0.3017054683" TRAINPRIOR="0.3983358124" DECPRIOR="." DECISION1="1" DECISION2="0"/>
<Obs RETURNS_VS_INDEX_NEXT="LOSES" COUNT="178382" DATAPRIOR="0.6982945317" TRAINPRIOR="0.6016641876" DECPRIOR="." DECISION1="0" DECISION2="1"/>
</Data>
<Metadata>
<Variable NAME="RETURNS_vs_INDEX_NEXT" LABEL="" LENGTH="32" FORMAT="" TYPE="C"/>
<Variable NAME="COUNT" LABEL="Level Counts" LENGTH="8" FORMAT="10." TYPE="N"/>
<Variable NAME="DATAPRIOR" LABEL="Data Proportions" LENGTH="8" FORMAT="" TYPE="N"/>
<Variable NAME="TRAINPRIOR" LABEL="Training Proportions" LENGTH="8" FORMAT="" TYPE="N"/>
<Variable NAME="DECPRIOR" LABEL="Decision Priors" LENGTH="8" FORMAT="" TYPE="N"/>
<Variable NAME="DECISION1" LABEL="WINS" LENGTH="8" FORMAT="" TYPE="N"/>
<Variable NAME="DECISION2" LABEL="LOSES" LENGTH="8" FORMAT="" TYPE="N"/>
</Metadata>
</DecData>
<DecMeta Table="EMWS6.AutoNeural_RETURNS_vs_INDEX_DM">
<Data>
<Obs _TYPE_="MATRIX" VARIABLE="" LABEL="" LEVEL="PROFIT" EVENT="" ORDER="" FORMAT="" TYPE="" COST="" USE="N"/>
<Obs _TYPE_="TARGET" VARIABLE="RETURNS_vs_INDEX_NEXT" LABEL="" LEVEL="BINARY" EVENT="WINS" ORDER="" FORMAT="$5." TYPE="C" COST="" USE=""/>
<Obs _TYPE_="DECISION" VARIABLE="DECISION1" LABEL="WINS" LEVEL="" EVENT="" ORDER="" FORMAT="" TYPE="N" COST="" USE="Y"/>
<Obs _TYPE_="DECISION" VARIABLE="DECISION2" LABEL="LOSES" LEVEL="" EVENT="" ORDER="" FORMAT="" TYPE="N" COST="" USE="Y"/>
<Obs _TYPE_="DATAPRIOR" VARIABLE="DATAPRIOR" LABEL="Data Prior" LEVEL="" EVENT="" ORDER="" FORMAT="" TYPE="N" COST="" USE="N"/>
<Obs _TYPE_="TRAINPRIOR" VARIABLE="TRAINPRIOR" LABEL="Training Prior" LEVEL="" EVENT="" ORDER="" FORMAT="" TYPE="N" COST="" USE="N"/>
<Obs _TYPE_="DECPRIOR" VARIABLE="DECPRIOR" LABEL="Decision Prior" LEVEL="" EVENT="" ORDER="" FORMAT="" TYPE="N" COST="" USE="N"/>
<Obs _TYPE_="PREDICTED" VARIABLE="P_RETURNS_vs_INDEX_NEXTWINS" LABEL="Predicted: RETURNS_vs_INDEX_NEXT=WINS" LEVEL="WINS" EVENT="" ORDER="" FORMAT="" TYPE="N" COST="" USE=""/>
<Obs _TYPE_="RESIDUAL" VARIABLE="R_RETURNS_vs_INDEX_NEXTWINS" LABEL="Residual: RETURNS_vs_INDEX_NEXT=WINS" LEVEL="WINS" EVENT="" ORDER="" FORMAT="" TYPE="N" COST="" USE=""/>
<Obs _TYPE_="PREDICTED" VARIABLE="P_RETURNS_vs_INDEX_NEXTLOSES" LABEL="Predicted: RETURNS_vs_INDEX_NEXT=LOSES" LEVEL="LOSES" EVENT="" ORDER="" FORMAT="" TYPE="N" COST="" USE=""/>
<Obs _TYPE_="RESIDUAL" VARIABLE="R_RETURNS_vs_INDEX_NEXTLOSES" LABEL="Residual: RETURNS_vs_INDEX_NEXT=LOSES" LEVEL="LOSES" EVENT="" ORDER="" FORMAT="" TYPE="N" COST="" USE=""/>
<Obs _TYPE_="FROM" VARIABLE="F_RETURNS_vs_INDEX_NEXT" LABEL="From: RETURNS_vs_INDEX_NEXT" LEVEL="" EVENT="" ORDER="" FORMAT="" TYPE="C" COST="" USE=""/>
<Obs _TYPE_="INTO" VARIABLE="I_RETURNS_vs_INDEX_NEXT" LABEL="Into: RETURNS_vs_INDEX_NEXT" LEVEL="" EVENT="" ORDER="" FORMAT="" TYPE="C" COST="" USE=""/>
</Data>
<Metadata>
<Variable NAME="_TYPE_" LABEL="Type" LENGTH="32" FORMAT="" TYPE="C"/>
<Variable NAME="VARIABLE" LABEL="Variable" LENGTH="32" FORMAT="" TYPE="C"/>
<Variable NAME="LABEL" LABEL="Label" LENGTH="256" FORMAT="" TYPE="C"/>
<Variable NAME="LEVEL" LABEL="Measurement Level" LENGTH="32" FORMAT="" TYPE="C"/>
<Variable NAME="EVENT" LABEL="Target Event" LENGTH="32" FORMAT="" TYPE="C"/>
<Variable NAME="ORDER" LABEL="Order" LENGTH="10" FORMAT="" TYPE="C"/>
<Variable NAME="FORMAT" LABEL="Format" LENGTH="32" FORMAT="" TYPE="C"/>
<Variable NAME="TYPE" LABEL="Type" LENGTH="1" FORMAT="" TYPE="C"/>
<Variable NAME="COST" LABEL="Cost" LENGTH="32" FORMAT="" TYPE="C"/>
<Variable NAME="USE" LABEL="Use" LENGTH="1" FORMAT="" TYPE="C"/>
</Metadata>
</DecMeta>
</RETURNS_vs_INDEX_NEXT>
</EmTargetAttributes>
<EmVariableAttributes/>
<EmFileProperties>
<EMNOTES Type="EXTERNAL" Extension="txt">
<Data/>
</EMNOTES>
</EmFileProperties>
</PROPERTIES>
</NODE>
<NODE CLASS="SASHELP.EMUTIL.CONTROLPOINT.CLASS" COMPONENT="ControlPoint" ID="CNTRL" X="708" Y="363" DESCRIPTION="Punto de control (2)" DIAGRAMID="_ROOT_" PARENTID="">
<PROPERTIES/>
</NODE>
<NODE CLASS="SASHELP.EMMODL.DMNEURAL.CLASS" COMPONENT="DMNeural" ID="DMNeural" X="1500" Y="264" DESCRIPTION="DMNeural" DIAGRAMID="_ROOT_" PARENTID="" TOOLTYPE="MODEL" TOOLPREFIX="DMNeural">
<PROPERTIES AbsGconv="0.0005" BinaryCutoff="0.5" Gconv="1E-8" MaxComponent="3" MaxFunction="500" MaxEigenVectors="400" MaxIteration="200" MemSize="8" MaxStage="3" ModelSelectionCriterion="DEFAULT" OptimizationCriterion="SSE" PrintOption="DEFAULT" PrintCovMatrix="N" PrintOptimizationHistory="N" ScoreVarSuffix="" StatusMonitor="N" StopR2="0.00005" ForceRun="N" RunAction="Train" Component="DMNeural" VarselLabel="DMNEURALLABEL">
<VariableProperties/>
<EmTargetAttributes>
<RETURNS_vs_INDEX_NEXT>
<DecData Table="EMWS6.DMNeural_RETURNS_vs_INDEX_DD">
<Data>
<Obs RETURNS_VS_INDEX_NEXT="WINS" COUNT="118099" DATAPRIOR="0.3017054683" TRAINPRIOR="0.3983358124" DECPRIOR="." DECISION1="1" DECISION2="0"/>
<Obs RETURNS_VS_INDEX_NEXT="LOSES" COUNT="178382" DATAPRIOR="0.6982945317" TRAINPRIOR="0.6016641876" DECPRIOR="." DECISION1="0" DECISION2="1"/>
</Data>
<Metadata>
<Variable NAME="RETURNS_vs_INDEX_NEXT" LABEL="" LENGTH="32" FORMAT="" TYPE="C"/>
<Variable NAME="COUNT" LABEL="Level Counts" LENGTH="8" FORMAT="10." TYPE="N"/>
<Variable NAME="DATAPRIOR" LABEL="Data Proportions" LENGTH="8" FORMAT="" TYPE="N"/>
<Variable NAME="TRAINPRIOR" LABEL="Training Proportions" LENGTH="8" FORMAT="" TYPE="N"/>
<Variable NAME="DECPRIOR" LABEL="Decision Priors" LENGTH="8" FORMAT="" TYPE="N"/>
<Variable NAME="DECISION1" LABEL="WINS" LENGTH="8" FORMAT="" TYPE="N"/>
<Variable NAME="DECISION2" LABEL="LOSES" LENGTH="8" FORMAT="" TYPE="N"/>
</Metadata>
</DecData>
<DecMeta Table="EMWS6.DMNeural_RETURNS_vs_INDEX_DM">
<Data>
<Obs _TYPE_="MATRIX" VARIABLE="" LABEL="" LEVEL="PROFIT" EVENT="" ORDER="" FORMAT="" TYPE="" COST="" USE="N"/>
<Obs _TYPE_="TARGET" VARIABLE="RETURNS_vs_INDEX_NEXT" LABEL="" LEVEL="BINARY" EVENT="WINS" ORDER="" FORMAT="$5." TYPE="C" COST="" USE=""/>
<Obs _TYPE_="DECISION" VARIABLE="DECISION1" LABEL="WINS" LEVEL="" EVENT="" ORDER="" FORMAT="" TYPE="N" COST="" USE="Y"/>
<Obs _TYPE_="DECISION" VARIABLE="DECISION2" LABEL="LOSES" LEVEL="" EVENT="" ORDER="" FORMAT="" TYPE="N" COST="" USE="Y"/>
<Obs _TYPE_="DATAPRIOR" VARIABLE="DATAPRIOR" LABEL="Data Prior" LEVEL="" EVENT="" ORDER="" FORMAT="" TYPE="N" COST="" USE="N"/>
<Obs _TYPE_="TRAINPRIOR" VARIABLE="TRAINPRIOR" LABEL="Training Prior" LEVEL="" EVENT="" ORDER="" FORMAT="" TYPE="N" COST="" USE="N"/>
<Obs _TYPE_="DECPRIOR" VARIABLE="DECPRIOR" LABEL="Decision Prior" LEVEL="" EVENT="" ORDER="" FORMAT="" TYPE="N" COST="" USE="N"/>
<Obs _TYPE_="PREDICTED" VARIABLE="P_RETURNS_vs_INDEX_NEXTWINS" LABEL="Predicted: RETURNS_vs_INDEX_NEXT=WINS" LEVEL="WINS" EVENT="" ORDER="" FORMAT="" TYPE="N" COST="" USE=""/>
<Obs _TYPE_="RESIDUAL" VARIABLE="R_RETURNS_vs_INDEX_NEXTWINS" LABEL="Residual: RETURNS_vs_INDEX_NEXT=WINS" LEVEL="WINS" EVENT="" ORDER="" FORMAT="" TYPE="N" COST="" USE=""/>
<Obs _TYPE_="PREDICTED" VARIABLE="P_RETURNS_vs_INDEX_NEXTLOSES" LABEL="Predicted: RETURNS_vs_INDEX_NEXT=LOSES" LEVEL="LOSES" EVENT="" ORDER="" FORMAT="" TYPE="N" COST="" USE=""/>
<Obs _TYPE_="RESIDUAL" VARIABLE="R_RETURNS_vs_INDEX_NEXTLOSES" LABEL="Residual: RETURNS_vs_INDEX_NEXT=LOSES" LEVEL="LOSES" EVENT="" ORDER="" FORMAT="" TYPE="N" COST="" USE=""/>
<Obs _TYPE_="FROM" VARIABLE="F_RETURNS_vs_INDEX_NEXT" LABEL="From: RETURNS_vs_INDEX_NEXT" LEVEL="" EVENT="" ORDER="" FORMAT="" TYPE="C" COST="" USE=""/>
<Obs _TYPE_="INTO" VARIABLE="I_RETURNS_vs_INDEX_NEXT" LABEL="Into: RETURNS_vs_INDEX_NEXT" LEVEL="" EVENT="" ORDER="" FORMAT="" TYPE="C" COST="" USE=""/>
</Data>
<Metadata>
<Variable NAME="_TYPE_" LABEL="Type" LENGTH="32" FORMAT="" TYPE="C"/>
<Variable NAME="VARIABLE" LABEL="Variable" LENGTH="32" FORMAT="" TYPE="C"/>
<Variable NAME="LABEL" LABEL="Label" LENGTH="256" FORMAT="" TYPE="C"/>
<Variable NAME="LEVEL" LABEL="Measurement Level" LENGTH="32" FORMAT="" TYPE="C"/>
<Variable NAME="EVENT" LABEL="Target Event" LENGTH="32" FORMAT="" TYPE="C"/>
<Variable NAME="ORDER" LABEL="Order" LENGTH="10" FORMAT="" TYPE="C"/>
<Variable NAME="FORMAT" LABEL="Format" LENGTH="32" FORMAT="" TYPE="C"/>
<Variable NAME="TYPE" LABEL="Type" LENGTH="1" FORMAT="" TYPE="C"/>
<Variable NAME="COST" LABEL="Cost" LENGTH="32" FORMAT="" TYPE="C"/>
<Variable NAME="USE" LABEL="Use" LENGTH="1" FORMAT="" TYPE="C"/>
</Metadata>
</DecMeta>
</RETURNS_vs_INDEX_NEXT>
</EmTargetAttributes>
<EmVariableAttributes/>
<EmFileProperties>
<EMNOTES Type="EXTERNAL" Extension="txt">
<Data/>
</EMNOTES>
</EmFileProperties>
</PROPERTIES>
</NODE>
<NODE CLASS="SASHELP.EMCORE.EXTENSION.CLASS" COMPONENT="EMSave" ID="EMSave" X="2056" Y="405" DESCRIPTION="Guardar datos" DIAGRAMID="_ROOT_" PARENTID="" TOOLTYPE="UTILITY" TOOLPREFIX="EMSave">
<PROPERTIES Location="CATALOG" Catalog="Sashelp.Emutil.Savext.Source" Type="SAS7BDAT" Replace="Y" AllObs="Y" OutObs="1000" AllRoles="Y" Train="Y" Validate="Y" Test="Y" Score="Y" Transaction="Y" ForceRun="N" RunAction="Train" Component="EMSave" Lib="" DirectorySelector="" Name="">
<VariableProperties/>
<EmVariableAttributes/>
<EmTargetAttributes/>
<EmFileProperties>
<USERTRAINCODE Type="EXTERNAL" Extension="sas">
<Data/>
</USERTRAINCODE>
<EMNOTES Type="EXTERNAL" Extension="txt">
<Data/>
</EMNOTES>
</EmFileProperties>
</PROPERTIES>
</NODE>
<NODE CLASS="SASHELP.EMCORE.EXTENSION.CLASS" COMPONENT="EMSave" ID="EMSave2" X="659" Y="593" DESCRIPTION="Guardar datos (2)" DIAGRAMID="_ROOT_" PARENTID="" TOOLTYPE="UTILITY" TOOLPREFIX="EMSave">
<PROPERTIES Location="CATALOG" Catalog="Sashelp.Emutil.Savext.Source" Type="SAS7BDAT" Replace="Y" AllObs="Y" OutObs="1000" AllRoles="Y" Train="Y" Validate="Y" Test="Y" Score="Y" Transaction="Y" ForceRun="N" RunAction="Train" Component="EMSave" Lib="OUTLIERS" DirectorySelector="" Name="">
<VariableProperties/>
<EmVariableAttributes/>
<EmTargetAttributes/>
<EmFileProperties>
<USERTRAINCODE Type="EXTERNAL" Extension="sas">
<Data/>
</USERTRAINCODE>
<EMNOTES Type="EXTERNAL" Extension="txt">
<Data/>
</EMNOTES>
</EmFileProperties>
</PROPERTIES>
</NODE>
<NODE CLASS="SASHELP.EMCORE.EXTENSION.CLASS" COMPONENT="FileImport" ID="FIMPORT" X="146" Y="363" DESCRIPTION="Train" DIAGRAMID="_ROOT_" PARENTID="" TOOLTYPE="SAMPLE" TOOLPREFIX="FIMPORT">
<PROPERTIES Location="CATALOG" Catalog="SASHELP.EMSAMP.FIMPORT.SOURCE" ImportType="Local" GuessRows="500" Delimiter="," NameRow="Y" SkipRows="0" MaxRows="1000000" MaxCols="10000" FileType="csv" Role="TRAIN" ForceRun="Y" Summarize="N" AdvancedAdvisor="Y" RunAction="Train" Component="FileImport" IFileName="/Users/Fernando/Desktop/financials_prices_quaterly_guru_rango_fechas_v2.csv" AccessTable="NoTableName" UserID="NoUserID" Password="NoPassword">
<VariableProperties/>
<EmTargetAttributes/>
<EmVariableAttributes>
<DELTA Variable="INDEX_RETURNS_NEXT" AttributeName="ROLE" AttributeValue="REJECTED"/>
<DELTA Variable="RETURNS_NEXT" AttributeName="ROLE" AttributeValue="REJECTED"/>
<DELTA Variable="RETURNS_NEXT_CAT" AttributeName="ROLE" AttributeValue="REJECTED"/>
<DELTA Variable="RETURNS_vs_INDEX_NEXT" AttributeName="ROLE" AttributeValue="TARGET"/>
<DELTA Variable="Ticker" AttributeName="ROLE" AttributeValue="SEGMENT"/>
</EmVariableAttributes>
<EmFileProperties>
<USERTRAINCODE Type="EXTERNAL" Extension="sas">
<Data/>
</USERTRAINCODE>
<VARIABLESETDELTA Type="EXTERNAL" Extension="txt">
<Data><![CDATA[
if NAME=&quot;INDEX_RETURNS_NEXT&quot; then do;
ROLE=&quot;REJECTED&quot;;
LEVEL=&quot;INTERVAL&quot;;
ORDER=&quot;&quot;;
DROP=&quot;N&quot;;
end;
if NAME=&quot;RETURNS_NEXT&quot; then do;
ROLE=&quot;REJECTED&quot;;
LEVEL=&quot;INTERVAL&quot;;
ORDER=&quot;&quot;;
DROP=&quot;N&quot;;
end;
if NAME=&quot;RETURNS_NEXT_CAT&quot; then do;
ROLE=&quot;REJECTED&quot;;
LEVEL=&quot;BINARY&quot;;
ORDER=&quot;&quot;;
DROP=&quot;N&quot;;
end;
if NAME=&quot;RETURNS_vs_INDEX_NEXT&quot; then do;
ROLE=&quot;TARGET&quot;;
LEVEL=&quot;BINARY&quot;;
ORDER=&quot;&quot;;
DROP=&quot;N&quot;;
end;
if NAME=&quot;Ticker&quot; then do;
ROLE=&quot;SEGMENT&quot;;
LEVEL=&quot;NOMINAL&quot;;
ORDER=&quot;&quot;;
DROP=&quot;N&quot;;
end;
]]>
</Data>
</VARIABLESETDELTA>
<DELTACODE Type="EXTERNAL" Extension="txt">
<Data><![CDATA[
if NAME=&quot;INDEX_RETURNS_NEXT&quot; then do;
ROLE=&quot;REJECTED&quot;;
LEVEL=&quot;INTERVAL&quot;;
ORDER=&quot;&quot;;
end;
if NAME=&quot;RETURNS_NEXT&quot; then do;
ROLE=&quot;REJECTED&quot;;
LEVEL=&quot;INTERVAL&quot;;
ORDER=&quot;&quot;;
end;
if NAME=&quot;RETURNS_NEXT_CAT&quot; then do;
ROLE=&quot;REJECTED&quot;;
LEVEL=&quot;BINARY&quot;;
ORDER=&quot;&quot;;
end;
if NAME=&quot;RETURNS_vs_INDEX_NEXT&quot; then do;
ROLE=&quot;TARGET&quot;;
LEVEL=&quot;BINARY&quot;;
ORDER=&quot;&quot;;
end;
if NAME=&quot;Ticker&quot; then do;
ROLE=&quot;SEGMENT&quot;;
LEVEL=&quot;NOMINAL&quot;;
ORDER=&quot;&quot;;
end;
drop DROP;
]]>
</Data>
</DELTACODE>
<EMNOTES Type="EXTERNAL" Extension="txt">
<Data/>
</EMNOTES>
</EmFileProperties>
</PROPERTIES>
</NODE>
<NODE CLASS="SASHELP.EMMDFY.FILTERTOOL.CLASS" COMPONENT="Filter" ID="Filter" X="312" Y="363" DESCRIPTION="Filtro" DIAGRAMID="_ROOT_" PARENTID="" TOOLTYPE="MODIFY" TOOLPREFIX="Filter">
<PROPERTIES KeepMissingClass="Y" KeepMissingInterval="N" NormalizeClassValue="Y" ExportTable="FILTERED" TabletoFilter="ALL" IntervalFilterMethod="MANUAL" ClassFilterMethod="NONE" MinFreq="1" MinPercent="0.01" MaxValues="25" MADSCutoff="9" SpacingsCutoff="9" StddevCutoff="3" PercentsCutoff="0.5" PublishScoreCode="Y" CreateDistributionData="Y" UpdateClassLevel="N" ForceRun="N" RunAction="Train" Component="Filter">
<VariableProperties/>
<EmTargetAttributes/>
<EmVariableAttributes>
<DELTA Variable="FISCAL_YEAR" AttributeName="INTERVALMIN" AttributeValue="2000"/>
<DELTA Variable="FISCAL_YEAR" AttributeName="INTERVALMAX" AttributeValue="2016"/>
</EmVariableAttributes>
<EmFileProperties>
<CLASSFILTER Type="DATA">
<Data/>
<Metadata>
<Variable NAME="VARIABLE" LABEL="Variable" LENGTH="32" FORMAT="" TYPE="C"/>
<Variable NAME="VALUE" LABEL="Value" LENGTH="12" FORMAT="" TYPE="C"/>
<Variable NAME="COUNT" LABEL="Frequency Count" LENGTH="8" FORMAT="" TYPE="N"/>
<Variable NAME="PERCENT" LABEL="Percent" LENGTH="8" FORMAT="" TYPE="N"/>
<Variable NAME="Filter" LABEL="" LENGTH="1" FORMAT="" TYPE="C"/>
</Metadata>
</CLASSFILTER>
<EMNOTES Type="EXTERNAL" Extension="txt">
<Data/>
</EMNOTES>
</EmFileProperties>
</PROPERTIES>
</NODE>
<NODE CLASS="SASHELP.EMMDFY.FILTERTOOL.CLASS" COMPONENT="Filter" ID="Filter2" X="321" Y="592" DESCRIPTION="Filtro" DIAGRAMID="_ROOT_" PARENTID="" TOOLTYPE="MODIFY" TOOLPREFIX="Filter">
<PROPERTIES KeepMissingClass="Y" KeepMissingInterval="N" NormalizeClassValue="Y" ExportTable="FILTERED" TabletoFilter="ALL" IntervalFilterMethod="MANUAL" ClassFilterMethod="NONE" MinFreq="1" MinPercent="0.01" MaxValues="25" MADSCutoff="9" SpacingsCutoff="9" StddevCutoff="3" PercentsCutoff="0.5" PublishScoreCode="Y" CreateDistributionData="Y" UpdateClassLevel="N" ForceRun="N" RunAction="Train" Component="Filter">
<VariableProperties/>
<EmTargetAttributes/>
<EmVariableAttributes>
<DELTA Variable="FISCAL_YEAR" AttributeName="INTERVALMIN" AttributeValue="2016"/>
<DELTA Variable="FISCAL_YEAR" AttributeName="INTERVALMAX" AttributeValue="2017"/>
</EmVariableAttributes>
<EmFileProperties>
<CLASSFILTER Type="DATA">
<Data/>
<Metadata>
<Variable NAME="VARIABLE" LABEL="Variable" LENGTH="32" FORMAT="" TYPE="C"/>
<Variable NAME="VALUE" LABEL="Value" LENGTH="12" FORMAT="" TYPE="C"/>
<Variable NAME="COUNT" LABEL="Frequency Count" LENGTH="8" FORMAT="" TYPE="N"/>
<Variable NAME="PERCENT" LABEL="Percent" LENGTH="8" FORMAT="" TYPE="N"/>
<Variable NAME="Filter" LABEL="" LENGTH="1" FORMAT="" TYPE="C"/>
</Metadata>
</CLASSFILTER>
<EMNOTES Type="EXTERNAL" Extension="txt">
<Data/>
</EMNOTES>
</EmFileProperties>
</PROPERTIES>
</NODE>
<NODE CLASS="SASHELP.EMCORE.EXTENSION.CLASS" COMPONENT="GraphExplore" ID="GrfExpl" X="906" Y="495" DESCRIPTION="Explorador de gráficos" DIAGRAMID="_ROOT_" PARENTID="" TOOLTYPE="EXPLORE" TOOLPREFIX="GrfExpl">
<PROPERTIES Location="CATALOG" Catalog="SASHELP.EMEXPL.GRAPHEXPLORE.SOURCE" EmSampleMethod="FIRSTN" EmSampleSize="DEFAULT" EmRandomSeed="12345" Target="Y" GroupByTarget="Y" ForceRun="N" RunAction="Train" Component="GraphExplore" DataSource="SAMPLE" DataNeeded="Y">
<VariableProperties/>
<EmTargetAttributes/>
<EmFileProperties>
<USERTRAINCODE Type="EXTERNAL" Extension="sas">
<Data/>
</USERTRAINCODE>
<EMNOTES Type="EXTERNAL" Extension="txt">
<Data/>
</EMNOTES>
</EmFileProperties>
</PROPERTIES>
</NODE>
<NODE CLASS="SASHELP.EMCORE.EXTENSION.CLASS" COMPONENT="HPDMBNC" ID="HPBNC" X="1500" Y="363" DESCRIPTION="HP Clasificador BN" DIAGRAMID="_ROOT_" PARENTID="" TOOLTYPE="MODEL" TOOLPREFIX="HPBNC">
<PROPERTIES Location="CATALOG" Catalog="SASHELP.HPDM.HPBNC.SOURCE" AUTOMODELSEL="Y" PRESCREEN="Y" VARSELECT="N" INDEPTESTSTAT="CHIGSQUARE" NETMODEL="BAN" STRUCTURE="PC" PARENTING="BESTSET" ALPHA="0.5" MIALPHA="0.2" NBIN="10" MAXPARENTS="5" SEED="12345" VALIDWITHTRAIN="N" VALIDFRAC="0.3" EXPORTNETVARS="N" HIDEREJECTEDVARS="N" MISSINGINT="IGNORE" MISSINGNOM="IGNORE" ForceRun="N" RunAction="Train" Component="HPDMBNC" HIDEREJECTDVARS="N">
<VariableProperties/>
<EmVariableAttributes/>
<EmTargetAttributes>
<RETURNS_vs_INDEX_NEXT>
<DecData Table="EMWS6.HPBNC_RETURNS_vs_INDEX_DD">
<Data>
<Obs RETURNS_VS_INDEX_NEXT="WINS" COUNT="118099" DATAPRIOR="0.3983358124" TRAINPRIOR="0.3983358124" DECPRIOR="." DECISION1="1" DECISION2="0"/>
<Obs RETURNS_VS_INDEX_NEXT="LOSES" COUNT="178382" DATAPRIOR="0.6016641876" TRAINPRIOR="0.6016641876" DECPRIOR="." DECISION1="0" DECISION2="1"/>
</Data>
<Metadata>
<Variable NAME="RETURNS_vs_INDEX_NEXT" LABEL="" LENGTH="32" FORMAT="" TYPE="C"/>
<Variable NAME="COUNT" LABEL="Level Counts" LENGTH="8" FORMAT="10." TYPE="N"/>
<Variable NAME="DATAPRIOR" LABEL="Data Proportions" LENGTH="8" FORMAT="" TYPE="N"/>
<Variable NAME="TRAINPRIOR" LABEL="Training Proportions" LENGTH="8" FORMAT="" TYPE="N"/>
<Variable NAME="DECPRIOR" LABEL="Decision Priors" LENGTH="8" FORMAT="" TYPE="N"/>
<Variable NAME="DECISION1" LABEL="WINS" LENGTH="8" FORMAT="" TYPE="N"/>
<Variable NAME="DECISION2" LABEL="LOSES" LENGTH="8" FORMAT="" TYPE="N"/>
</Metadata>
</DecData>
<DecMeta Table="EMWS6.HPBNC_RETURNS_vs_INDEX_DM">
<Data>
<Obs _TYPE_="MATRIX" VARIABLE="" LABEL="" LEVEL="PROFIT" EVENT="" ORDER="" FORMAT="" TYPE="" COST="" USE="N"/>
<Obs _TYPE_="TARGET" VARIABLE="RETURNS_vs_INDEX_NEXT" LABEL="" LEVEL="BINARY" EVENT="WINS" ORDER="" FORMAT="$5." TYPE="C" COST="" USE=""/>
<Obs _TYPE_="DECISION" VARIABLE="DECISION1" LABEL="WINS" LEVEL="" EVENT="" ORDER="" FORMAT="" TYPE="N" COST="" USE="Y"/>
<Obs _TYPE_="DECISION" VARIABLE="DECISION2" LABEL="LOSES" LEVEL="" EVENT="" ORDER="" FORMAT="" TYPE="N" COST="" USE="Y"/>
<Obs _TYPE_="DATAPRIOR" VARIABLE="DATAPRIOR" LABEL="Data Prior" LEVEL="" EVENT="" ORDER="" FORMAT="" TYPE="N" COST="" USE="N"/>
<Obs _TYPE_="TRAINPRIOR" VARIABLE="TRAINPRIOR" LABEL="Training Prior" LEVEL="" EVENT="" ORDER="" FORMAT="" TYPE="N" COST="" USE="N"/>
<Obs _TYPE_="DECPRIOR" VARIABLE="DECPRIOR" LABEL="Decision Prior" LEVEL="" EVENT="" ORDER="" FORMAT="" TYPE="N" COST="" USE="N"/>
<Obs _TYPE_="PREDICTED" VARIABLE="P_RETURNS_vs_INDEX_NEXTWINS" LABEL="Predicted: RETURNS_vs_INDEX_NEXT=WINS" LEVEL="WINS" EVENT="" ORDER="" FORMAT="" TYPE="N" COST="" USE=""/>
<Obs _TYPE_="RESIDUAL" VARIABLE="R_RETURNS_vs_INDEX_NEXTWINS" LABEL="Residual: RETURNS_vs_INDEX_NEXT=WINS" LEVEL="WINS" EVENT="" ORDER="" FORMAT="" TYPE="N" COST="" USE=""/>
<Obs _TYPE_="PREDICTED" VARIABLE="P_RETURNS_vs_INDEX_NEXTLOSES" LABEL="Predicted: RETURNS_vs_INDEX_NEXT=LOSES" LEVEL="LOSES" EVENT="" ORDER="" FORMAT="" TYPE="N" COST="" USE=""/>
<Obs _TYPE_="RESIDUAL" VARIABLE="R_RETURNS_vs_INDEX_NEXTLOSES" LABEL="Residual: RETURNS_vs_INDEX_NEXT=LOSES" LEVEL="LOSES" EVENT="" ORDER="" FORMAT="" TYPE="N" COST="" USE=""/>
<Obs _TYPE_="FROM" VARIABLE="F_RETURNS_vs_INDEX_NEXT" LABEL="From: RETURNS_vs_INDEX_NEXT" LEVEL="" EVENT="" ORDER="" FORMAT="" TYPE="C" COST="" USE=""/>
<Obs _TYPE_="INTO" VARIABLE="I_RETURNS_vs_INDEX_NEXT" LABEL="Into: RETURNS_vs_INDEX_NEXT" LEVEL="" EVENT="" ORDER="" FORMAT="" TYPE="C" COST="" USE=""/>
</Data>
<Metadata>
<Variable NAME="_TYPE_" LABEL="Type" LENGTH="32" FORMAT="" TYPE="C"/>
<Variable NAME="VARIABLE" LABEL="Variable" LENGTH="32" FORMAT="" TYPE="C"/>
<Variable NAME="LABEL" LABEL="Label" LENGTH="256" FORMAT="" TYPE="C"/>
<Variable NAME="LEVEL" LABEL="Measurement Level" LENGTH="32" FORMAT="" TYPE="C"/>
<Variable NAME="EVENT" LABEL="Target Event" LENGTH="32" FORMAT="" TYPE="C"/>
<Variable NAME="ORDER" LABEL="Order" LENGTH="10" FORMAT="" TYPE="C"/>
<Variable NAME="FORMAT" LABEL="Format" LENGTH="32" FORMAT="" TYPE="C"/>
<Variable NAME="TYPE" LABEL="Type" LENGTH="1" FORMAT="" TYPE="C"/>
<Variable NAME="COST" LABEL="Cost" LENGTH="32" FORMAT="" TYPE="C"/>
<Variable NAME="USE" LABEL="Use" LENGTH="1" FORMAT="" TYPE="C"/>
</Metadata>
</DecMeta>
</RETURNS_vs_INDEX_NEXT>
</EmTargetAttributes>
<EmFileProperties>
<USERTRAINCODE Type="EXTERNAL" Extension="sas">
<Data/>
</USERTRAINCODE>
<EMNOTES Type="EXTERNAL" Extension="txt">
<Data/>
</EMNOTES>
</EmFileProperties>
</PROPERTIES>
</NODE>
<NODE CLASS="SASHELP.EMCORE.EXTENSION.CLASS" COMPONENT="HPDMNeural" ID="HPNNA" X="1500" Y="66" DESCRIPTION="HP Red neuronal" DIAGRAMID="_ROOT_" PARENTID="" TOOLTYPE="MODEL" TOOLPREFIX="HPNNA">
<PROPERTIES Location="CATALOG" Catalog="SASHELP.HPDM.HPDMNeural.SOURCE" ToolType="MODEL" InputStd="RANGE" HIDDEN="3" HIDDENLAYERS="3" ARCHITECTURE="LAYER1" DIRECTCONN="N" TargetStd="RANGE" TargetActivation="IDENTITY" TargetError="NORMAL" OPTMETHOD="LBFGS" NUMTRIES="2" MAXITER="300" USEVALID="N" USEINVERSE="N" MISSASLVL="N" MAXLINKS="1000" ForceRun="N" RunAction="Train" Component="HPDMNeural" TableEditor="">
<VariableProperties/>
<EmTargetAttributes>
<RETURNS_vs_INDEX_NEXT>
<DecData Table="EMWS6.HPNNA_RETURNS_vs_INDEX_DD">
<Data>
<Obs RETURNS_VS_INDEX_NEXT="WINS" COUNT="118099" DATAPRIOR="0.4687112085" TRAINPRIOR="0.3983358124" DECPRIOR="." DECISION1="1" DECISION2="0"/>
<Obs RETURNS_VS_INDEX_NEXT="LOSES" COUNT="178382" DATAPRIOR="0.5312887915" TRAINPRIOR="0.6016641876" DECPRIOR="." DECISION1="0" DECISION2="1"/>
</Data>
<Metadata>
<Variable NAME="RETURNS_vs_INDEX_NEXT" LABEL="" LENGTH="32" FORMAT="" TYPE="C"/>
<Variable NAME="COUNT" LABEL="Level Counts" LENGTH="8" FORMAT="10." TYPE="N"/>
<Variable NAME="DATAPRIOR" LABEL="Data Proportions" LENGTH="8" FORMAT="" TYPE="N"/>
<Variable NAME="TRAINPRIOR" LABEL="Training Proportions" LENGTH="8" FORMAT="" TYPE="N"/>
<Variable NAME="DECPRIOR" LABEL="Decision Priors" LENGTH="8" FORMAT="" TYPE="N"/>
<Variable NAME="DECISION1" LABEL="WINS" LENGTH="8" FORMAT="" TYPE="N"/>
<Variable NAME="DECISION2" LABEL="LOSES" LENGTH="8" FORMAT="" TYPE="N"/>
</Metadata>
</DecData>
<DecMeta Table="EMWS6.HPNNA_RETURNS_vs_INDEX_DM">
<Data>
<Obs _TYPE_="MATRIX" VARIABLE="" LABEL="" LEVEL="PROFIT" EVENT="" ORDER="" FORMAT="" TYPE="" COST="" USE="N"/>
<Obs _TYPE_="TARGET" VARIABLE="RETURNS_vs_INDEX_NEXT" LABEL="" LEVEL="BINARY" EVENT="WINS" ORDER="" FORMAT="$5." TYPE="C" COST="" USE=""/>
<Obs _TYPE_="DECISION" VARIABLE="DECISION1" LABEL="WINS" LEVEL="" EVENT="" ORDER="" FORMAT="" TYPE="N" COST="" USE="Y"/>
<Obs _TYPE_="DECISION" VARIABLE="DECISION2" LABEL="LOSES" LEVEL="" EVENT="" ORDER="" FORMAT="" TYPE="N" COST="" USE="Y"/>
<Obs _TYPE_="DATAPRIOR" VARIABLE="DATAPRIOR" LABEL="Data Prior" LEVEL="" EVENT="" ORDER="" FORMAT="" TYPE="N" COST="" USE="N"/>
<Obs _TYPE_="TRAINPRIOR" VARIABLE="TRAINPRIOR" LABEL="Training Prior" LEVEL="" EVENT="" ORDER="" FORMAT="" TYPE="N" COST="" USE="N"/>
<Obs _TYPE_="DECPRIOR" VARIABLE="DECPRIOR" LABEL="Decision Prior" LEVEL="" EVENT="" ORDER="" FORMAT="" TYPE="N" COST="" USE="N"/>
<Obs _TYPE_="PREDICTED" VARIABLE="P_RETURNS_vs_INDEX_NEXTWINS" LABEL="Predicted: RETURNS_vs_INDEX_NEXT=WINS" LEVEL="WINS" EVENT="" ORDER="" FORMAT="" TYPE="N" COST="" USE=""/>
<Obs _TYPE_="RESIDUAL" VARIABLE="R_RETURNS_vs_INDEX_NEXTWINS" LABEL="Residual: RETURNS_vs_INDEX_NEXT=WINS" LEVEL="WINS" EVENT="" ORDER="" FORMAT="" TYPE="N" COST="" USE=""/>
<Obs _TYPE_="PREDICTED" VARIABLE="P_RETURNS_vs_INDEX_NEXTLOSES" LABEL="Predicted: RETURNS_vs_INDEX_NEXT=LOSES" LEVEL="LOSES" EVENT="" ORDER="" FORMAT="" TYPE="N" COST="" USE=""/>
<Obs _TYPE_="RESIDUAL" VARIABLE="R_RETURNS_vs_INDEX_NEXTLOSES" LABEL="Residual: RETURNS_vs_INDEX_NEXT=LOSES" LEVEL="LOSES" EVENT="" ORDER="" FORMAT="" TYPE="N" COST="" USE=""/>
<Obs _TYPE_="FROM" VARIABLE="F_RETURNS_vs_INDEX_NEXT" LABEL="From: RETURNS_vs_INDEX_NEXT" LEVEL="" EVENT="" ORDER="" FORMAT="" TYPE="C" COST="" USE=""/>
<Obs _TYPE_="INTO" VARIABLE="I_RETURNS_vs_INDEX_NEXT" LABEL="Into: RETURNS_vs_INDEX_NEXT" LEVEL="" EVENT="" ORDER="" FORMAT="" TYPE="C" COST="" USE=""/>
</Data>
<Metadata>
<Variable NAME="_TYPE_" LABEL="Type" LENGTH="32" FORMAT="" TYPE="C"/>
<Variable NAME="VARIABLE" LABEL="Variable" LENGTH="32" FORMAT="" TYPE="C"/>
<Variable NAME="LABEL" LABEL="Label" LENGTH="256" FORMAT="" TYPE="C"/>
<Variable NAME="LEVEL" LABEL="Measurement Level" LENGTH="32" FORMAT="" TYPE="C"/>
<Variable NAME="EVENT" LABEL="Target Event" LENGTH="32" FORMAT="" TYPE="C"/>
<Variable NAME="ORDER" LABEL="Order" LENGTH="10" FORMAT="" TYPE="C"/>
<Variable NAME="FORMAT" LABEL="Format" LENGTH="32" FORMAT="" TYPE="C"/>
<Variable NAME="TYPE" LABEL="Type" LENGTH="1" FORMAT="" TYPE="C"/>
<Variable NAME="COST" LABEL="Cost" LENGTH="32" FORMAT="" TYPE="C"/>
<Variable NAME="USE" LABEL="Use" LENGTH="1" FORMAT="" TYPE="C"/>
</Metadata>
</DecMeta>
</RETURNS_vs_INDEX_NEXT>
</EmTargetAttributes>
<EmVariableAttributes/>
<EmFileProperties>
<USERTRAINCODE Type="EXTERNAL" Extension="sas">
<Data/>
</USERTRAINCODE>
<HIDDENOPTIONS Type="DATA">
<Data/>
<Metadata/>
</HIDDENOPTIONS>
<EMNOTES Type="EXTERNAL" Extension="txt">
<Data/>
</EMNOTES>
</EmFileProperties>
</PROPERTIES>
</NODE>
<NODE CLASS="SASHELP.EMCORE.EXTENSION.CLASS" COMPONENT="HPDMReg" ID="HPReg" X="1500" Y="660" DESCRIPTION="HP Regresión" DIAGRAMID="_ROOT_" PARENTID="" TOOLTYPE="MODEL" TOOLPREFIX="HPReg">
<PROPERTIES Location="CATALOG" Catalog="SASHELP.HPDM.HPREG.SOURCE" MainEffect="Y" TwoFactor="N" Polynomial="N" PolynomialDegree="2" SuppressIntercept="N" MISSASLVL="N" Error="LOGISTIC" LinkFunction="LOGIT" SelectMethod="NONE" SelectCriterion="DEFAULT" StopCriterion="DEFAULT" SLEntry="0.05" SLStay="0.05" MaxEffects="0" MinEffects="0" Hierarchy="NONE" MaxSteps="0" SuppressOutput="N" ABSCONV="." ABSFCONV="." ABSGCONV="." FCONV="." GCONV="." TECH="NRRIDG" MAXITER="." MAXFUNC="." MAXTIME="." MINITER="." NORMALIZE="Y" EXCLUDEDVARIABLE="REJECT" ForceRun="N" RunAction="Train" Component="HPDMReg" NCPU="Actual" NNode="0" NThreads="Default" Host="Local" Timeout="120" LogDetails="N" Term="Y" Interactions="" SelectUseDefault="Y">
<VariableProperties/>
<EmVariableAttributes/>
<EmTargetAttributes>
<RETURNS_vs_INDEX_NEXT>
<DecData Table="EMWS6.HPReg_RETURNS_vs_INDEX_DD">
<Data>
<Obs RETURNS_VS_INDEX_NEXT="WINS" COUNT="118099" DATAPRIOR="0.3983358124" TRAINPRIOR="0.3983358124" DECPRIOR="." DECISION1="1" DECISION2="0"/>
<Obs RETURNS_VS_INDEX_NEXT="LOSES" COUNT="178382" DATAPRIOR="0.6016641876" TRAINPRIOR="0.6016641876" DECPRIOR="." DECISION1="0" DECISION2="1"/>
</Data>
<Metadata>
<Variable NAME="RETURNS_vs_INDEX_NEXT" LABEL="" LENGTH="32" FORMAT="" TYPE="C"/>
<Variable NAME="COUNT" LABEL="Level Counts" LENGTH="8" FORMAT="10." TYPE="N"/>
<Variable NAME="DATAPRIOR" LABEL="Data Proportions" LENGTH="8" FORMAT="" TYPE="N"/>
<Variable NAME="TRAINPRIOR" LABEL="Training Proportions" LENGTH="8" FORMAT="" TYPE="N"/>
<Variable NAME="DECPRIOR" LABEL="Decision Priors" LENGTH="8" FORMAT="" TYPE="N"/>
<Variable NAME="DECISION1" LABEL="WINS" LENGTH="8" FORMAT="" TYPE="N"/>
<Variable NAME="DECISION2" LABEL="LOSES" LENGTH="8" FORMAT="" TYPE="N"/>
</Metadata>
</DecData>
<DecMeta Table="EMWS6.HPReg_RETURNS_vs_INDEX_DM">
<Data>
<Obs _TYPE_="MATRIX" VARIABLE="" LABEL="" LEVEL="PROFIT" EVENT="" ORDER="" FORMAT="" TYPE="" COST="" USE="N"/>
<Obs _TYPE_="TARGET" VARIABLE="RETURNS_vs_INDEX_NEXT" LABEL="" LEVEL="BINARY" EVENT="WINS" ORDER="" FORMAT="$5." TYPE="C" COST="" USE=""/>
<Obs _TYPE_="DECISION" VARIABLE="DECISION1" LABEL="WINS" LEVEL="" EVENT="" ORDER="" FORMAT="" TYPE="N" COST="" USE="Y"/>
<Obs _TYPE_="DECISION" VARIABLE="DECISION2" LABEL="LOSES" LEVEL="" EVENT="" ORDER="" FORMAT="" TYPE="N" COST="" USE="Y"/>
<Obs _TYPE_="DATAPRIOR" VARIABLE="DATAPRIOR" LABEL="Data Prior" LEVEL="" EVENT="" ORDER="" FORMAT="" TYPE="N" COST="" USE="N"/>
<Obs _TYPE_="TRAINPRIOR" VARIABLE="TRAINPRIOR" LABEL="Training Prior" LEVEL="" EVENT="" ORDER="" FORMAT="" TYPE="N" COST="" USE="N"/>
<Obs _TYPE_="DECPRIOR" VARIABLE="DECPRIOR" LABEL="Decision Prior" LEVEL="" EVENT="" ORDER="" FORMAT="" TYPE="N" COST="" USE="N"/>
<Obs _TYPE_="PREDICTED" VARIABLE="P_RETURNS_vs_INDEX_NEXTWINS" LABEL="Predicted: RETURNS_vs_INDEX_NEXT=WINS" LEVEL="WINS" EVENT="" ORDER="" FORMAT="" TYPE="N" COST="" USE=""/>
<Obs _TYPE_="RESIDUAL" VARIABLE="R_RETURNS_vs_INDEX_NEXTWINS" LABEL="Residual: RETURNS_vs_INDEX_NEXT=WINS" LEVEL="WINS" EVENT="" ORDER="" FORMAT="" TYPE="N" COST="" USE=""/>
<Obs _TYPE_="PREDICTED" VARIABLE="P_RETURNS_vs_INDEX_NEXTLOSES" LABEL="Predicted: RETURNS_vs_INDEX_NEXT=LOSES" LEVEL="LOSES" EVENT="" ORDER="" FORMAT="" TYPE="N" COST="" USE=""/>
<Obs _TYPE_="RESIDUAL" VARIABLE="R_RETURNS_vs_INDEX_NEXTLOSES" LABEL="Residual: RETURNS_vs_INDEX_NEXT=LOSES" LEVEL="LOSES" EVENT="" ORDER="" FORMAT="" TYPE="N" COST="" USE=""/>
<Obs _TYPE_="FROM" VARIABLE="F_RETURNS_vs_INDEX_NEXT" LABEL="From: RETURNS_vs_INDEX_NEXT" LEVEL="" EVENT="" ORDER="" FORMAT="" TYPE="C" COST="" USE=""/>
<Obs _TYPE_="INTO" VARIABLE="I_RETURNS_vs_INDEX_NEXT" LABEL="Into: RETURNS_vs_INDEX_NEXT" LEVEL="" EVENT="" ORDER="" FORMAT="" TYPE="C" COST="" USE=""/>
</Data>
<Metadata>
<Variable NAME="_TYPE_" LABEL="Type" LENGTH="32" FORMAT="" TYPE="C"/>
<Variable NAME="VARIABLE" LABEL="Variable" LENGTH="32" FORMAT="" TYPE="C"/>
<Variable NAME="LABEL" LABEL="Label" LENGTH="256" FORMAT="" TYPE="C"/>
<Variable NAME="LEVEL" LABEL="Measurement Level" LENGTH="32" FORMAT="" TYPE="C"/>
<Variable NAME="EVENT" LABEL="Target Event" LENGTH="32" FORMAT="" TYPE="C"/>
<Variable NAME="ORDER" LABEL="Order" LENGTH="10" FORMAT="" TYPE="C"/>
<Variable NAME="FORMAT" LABEL="Format" LENGTH="32" FORMAT="" TYPE="C"/>
<Variable NAME="TYPE" LABEL="Type" LENGTH="1" FORMAT="" TYPE="C"/>
<Variable NAME="COST" LABEL="Cost" LENGTH="32" FORMAT="" TYPE="C"/>
<Variable NAME="USE" LABEL="Use" LENGTH="1" FORMAT="" TYPE="C"/>
</Metadata>
</DecMeta>
</RETURNS_vs_INDEX_NEXT>
</EmTargetAttributes>
<EmFileProperties>
<USERTRAINCODE Type="EXTERNAL" Extension="sas">
<Data/>
</USERTRAINCODE>
<EMNOTES Type="EXTERNAL" Extension="txt">
<Data/>
</EMNOTES>
</EmFileProperties>
</PROPERTIES>
</NODE>
<NODE CLASS="SASHELP.EMCORE.EXTENSION.CLASS" COMPONENT="HPDMSVM" ID="HPSVM" X="1500" Y="759" DESCRIPTION="HP SVM" DIAGRAMID="_ROOT_" PARENTID="" TOOLTYPE="MODEL" TOOLPREFIX="HPSVM">
<PROPERTIES Location="CATALOG" Catalog="SASHELP.HPDM.HPSVM.SOURCE" maxiter="25" missaslvl="N" tolerance="0.000001" penalty="1" method="IPOINT" interiorpointkernel="LINEAR" interiorpointdegree="2" activesetkernel="POLYNOM" activesetdegree="2" rbfparameter="1" sigmoidparameter1="1" sigmoidparameter2="-1" ForceRun="N" RunAction="Train" Component="HPDMSVM">
<VariableProperties/>
<EmVariableAttributes/>
<EmTargetAttributes>
<RETURNS_vs_INDEX_NEXT>
<DecData Table="EMWS6.HPSVM_RETURNS_vs_INDEX_DD">
<Data>
<Obs RETURNS_VS_INDEX_NEXT="WINS" COUNT="118099" DATAPRIOR="0.3983358124" TRAINPRIOR="0.3983358124" DECPRIOR="." DECISION1="1" DECISION2="0"/>
<Obs RETURNS_VS_INDEX_NEXT="LOSES" COUNT="178382" DATAPRIOR="0.6016641876" TRAINPRIOR="0.6016641876" DECPRIOR="." DECISION1="0" DECISION2="1"/>
</Data>
<Metadata>
<Variable NAME="RETURNS_vs_INDEX_NEXT" LABEL="" LENGTH="32" FORMAT="" TYPE="C"/>
<Variable NAME="COUNT" LABEL="Level Counts" LENGTH="8" FORMAT="10." TYPE="N"/>
<Variable NAME="DATAPRIOR" LABEL="Data Proportions" LENGTH="8" FORMAT="" TYPE="N"/>
<Variable NAME="TRAINPRIOR" LABEL="Training Proportions" LENGTH="8" FORMAT="" TYPE="N"/>
<Variable NAME="DECPRIOR" LABEL="Decision Priors" LENGTH="8" FORMAT="" TYPE="N"/>
<Variable NAME="DECISION1" LABEL="WINS" LENGTH="8" FORMAT="" TYPE="N"/>
<Variable NAME="DECISION2" LABEL="LOSES" LENGTH="8" FORMAT="" TYPE="N"/>
</Metadata>
</DecData>
<DecMeta Table="EMWS6.HPSVM_RETURNS_vs_INDEX_DM">
<Data>
<Obs _TYPE_="MATRIX" VARIABLE="" LABEL="" LEVEL="PROFIT" EVENT="" ORDER="" FORMAT="" TYPE="" COST="" USE="N"/>
<Obs _TYPE_="TARGET" VARIABLE="RETURNS_vs_INDEX_NEXT" LABEL="" LEVEL="BINARY" EVENT="WINS" ORDER="" FORMAT="$5." TYPE="C" COST="" USE=""/>
<Obs _TYPE_="DECISION" VARIABLE="DECISION1" LABEL="WINS" LEVEL="" EVENT="" ORDER="" FORMAT="" TYPE="N" COST="" USE="Y"/>
<Obs _TYPE_="DECISION" VARIABLE="DECISION2" LABEL="LOSES" LEVEL="" EVENT="" ORDER="" FORMAT="" TYPE="N" COST="" USE="Y"/>
<Obs _TYPE_="DATAPRIOR" VARIABLE="DATAPRIOR" LABEL="Data Prior" LEVEL="" EVENT="" ORDER="" FORMAT="" TYPE="N" COST="" USE="N"/>
<Obs _TYPE_="TRAINPRIOR" VARIABLE="TRAINPRIOR" LABEL="Training Prior" LEVEL="" EVENT="" ORDER="" FORMAT="" TYPE="N" COST="" USE="N"/>
<Obs _TYPE_="DECPRIOR" VARIABLE="DECPRIOR" LABEL="Decision Prior" LEVEL="" EVENT="" ORDER="" FORMAT="" TYPE="N" COST="" USE="N"/>
<Obs _TYPE_="PREDICTED" VARIABLE="P_RETURNS_vs_INDEX_NEXTWINS" LABEL="Predicted: RETURNS_vs_INDEX_NEXT=WINS" LEVEL="WINS" EVENT="" ORDER="" FORMAT="" TYPE="N" COST="" USE=""/>
<Obs _TYPE_="RESIDUAL" VARIABLE="R_RETURNS_vs_INDEX_NEXTWINS" LABEL="Residual: RETURNS_vs_INDEX_NEXT=WINS" LEVEL="WINS" EVENT="" ORDER="" FORMAT="" TYPE="N" COST="" USE=""/>
<Obs _TYPE_="PREDICTED" VARIABLE="P_RETURNS_vs_INDEX_NEXTLOSES" LABEL="Predicted: RETURNS_vs_INDEX_NEXT=LOSES" LEVEL="LOSES" EVENT="" ORDER="" FORMAT="" TYPE="N" COST="" USE=""/>
<Obs _TYPE_="RESIDUAL" VARIABLE="R_RETURNS_vs_INDEX_NEXTLOSES" LABEL="Residual: RETURNS_vs_INDEX_NEXT=LOSES" LEVEL="LOSES" EVENT="" ORDER="" FORMAT="" TYPE="N" COST="" USE=""/>
<Obs _TYPE_="FROM" VARIABLE="F_RETURNS_vs_INDEX_NEXT" LABEL="From: RETURNS_vs_INDEX_NEXT" LEVEL="" EVENT="" ORDER="" FORMAT="" TYPE="C" COST="" USE=""/>
<Obs _TYPE_="INTO" VARIABLE="I_RETURNS_vs_INDEX_NEXT" LABEL="Into: RETURNS_vs_INDEX_NEXT" LEVEL="" EVENT="" ORDER="" FORMAT="" TYPE="C" COST="" USE=""/>
</Data>
<Metadata>
<Variable NAME="_TYPE_" LABEL="Type" LENGTH="32" FORMAT="" TYPE="C"/>
<Variable NAME="VARIABLE" LABEL="Variable" LENGTH="32" FORMAT="" TYPE="C"/>
<Variable NAME="LABEL" LABEL="Label" LENGTH="256" FORMAT="" TYPE="C"/>
<Variable NAME="LEVEL" LABEL="Measurement Level" LENGTH="32" FORMAT="" TYPE="C"/>
<Variable NAME="EVENT" LABEL="Target Event" LENGTH="32" FORMAT="" TYPE="C"/>
<Variable NAME="ORDER" LABEL="Order" LENGTH="10" FORMAT="" TYPE="C"/>
<Variable NAME="FORMAT" LABEL="Format" LENGTH="32" FORMAT="" TYPE="C"/>
<Variable NAME="TYPE" LABEL="Type" LENGTH="1" FORMAT="" TYPE="C"/>
<Variable NAME="COST" LABEL="Cost" LENGTH="32" FORMAT="" TYPE="C"/>
<Variable NAME="USE" LABEL="Use" LENGTH="1" FORMAT="" TYPE="C"/>
</Metadata>
</DecMeta>
</RETURNS_vs_INDEX_NEXT>
</EmTargetAttributes>
<EmFileProperties>
<USERTRAINCODE Type="EXTERNAL" Extension="sas">
<Data/>
</USERTRAINCODE>
<EMNOTES Type="EXTERNAL" Extension="txt">
<Data/>
</EMNOTES>
</EmFileProperties>
</PROPERTIES>
</NODE>
<NODE CLASS="SASHELP.EMCORE.EXTENSION.CLASS" COMPONENT="HPDMVarSel" ID="HPVS" X="1500" Y="165" DESCRIPTION="HP Selección de variables" DIAGRAMID="_ROOT_" PARENTID="" TOOLTYPE="HPDM" TOOLPREFIX="HPVS">
<PROPERTIES Location="CATALOG" Catalog="SASHELP.HPDM.HPVarSel.SOURCE" IF_HPDMDB="N" MAXLEVEL="50" MISSINGPERCENT="50" TARGETMODEL="SUPERVISED" MAXSTEPS_REDU="200" MAXEFFECTS_REDU="200" PEARSON_REDU="CORR" CUMULATIVE_REDU="0.99" INCREMENT_REDU="0.001" METHOD_SUPER="DEFAULT" MAXSTEPS_SUPER="200" PEARSON_REDU_SUPER="CORR" MAXEFFECTS_SUPER="200" CUMULATIVE_SUPER="0.99" INCREMENT_SUPER="0.001" CRITERIA_SUPER="SBC" STOP_SUPER="SBC" NOINTERCEPT_SUPER="N" COLLINEARITY="N" HIDE_REJECTED="N" SCREEN="NO" SCREENSTAGE="SINGLE" SCREENCRITERION="PERCENT" PERCENTSCREEN="10" CUTOFFSCREEN="0.1" INTSPLITTING="VARIANCE" NOMSPLITTING="ENTROPY" MINDIST="0.01" ALPHA="0.2" BONFERRONI="N" MAXDEPTH="10" INTERVALBINS="100" HLEAFSIZE="1" LEVTHRESH1="500000" LEVTHRESH2="1000000" MINCATSIZE="5" MAXBRANCH="2" NSURRS="0" MISSVALUE="POPULARITY" MAXLEAVES="1024" TREECUTOFF="0" USEVARONCE="N" ForceRun="N" RunAction="Train" Component="HPDMVarSel" NUMTARGET_SUPER="1" MAXVIF="10">
<VariableProperties/>
<EmTargetAttributes>
<RETURNS_vs_INDEX_NEXT>
<DecData Table="EMWS6.HPVS_RETURNS_vs_INDEX_DD">
<Data>
<Obs RETURNS_VS_INDEX_NEXT="WINS" COUNT="118099" DATAPRIOR="0.3017054683" TRAINPRIOR="0.3983358124" DECPRIOR="." DECISION1="1" DECISION2="0"/>
<Obs RETURNS_VS_INDEX_NEXT="LOSES" COUNT="178382" DATAPRIOR="0.6982945317" TRAINPRIOR="0.6016641876" DECPRIOR="." DECISION1="0" DECISION2="1"/>
</Data>
<Metadata>
<Variable NAME="RETURNS_vs_INDEX_NEXT" LABEL="" LENGTH="32" FORMAT="" TYPE="C"/>
<Variable NAME="COUNT" LABEL="Level Counts" LENGTH="8" FORMAT="10." TYPE="N"/>
<Variable NAME="DATAPRIOR" LABEL="Data Proportions" LENGTH="8" FORMAT="" TYPE="N"/>
<Variable NAME="TRAINPRIOR" LABEL="Training Proportions" LENGTH="8" FORMAT="" TYPE="N"/>
<Variable NAME="DECPRIOR" LABEL="Decision Priors" LENGTH="8" FORMAT="" TYPE="N"/>
<Variable NAME="DECISION1" LABEL="WINS" LENGTH="8" FORMAT="" TYPE="N"/>
<Variable NAME="DECISION2" LABEL="LOSES" LENGTH="8" FORMAT="" TYPE="N"/>
</Metadata>
</DecData>
<DecMeta Table="EMWS6.HPVS_RETURNS_vs_INDEX_DM">
<Data>
<Obs _TYPE_="MATRIX" VARIABLE="" LABEL="" LEVEL="PROFIT" EVENT="" ORDER="" FORMAT="" TYPE="" COST="" USE="N"/>
<Obs _TYPE_="TARGET" VARIABLE="RETURNS_vs_INDEX_NEXT" LABEL="" LEVEL="BINARY" EVENT="WINS" ORDER="" FORMAT="$5." TYPE="C" COST="" USE=""/>
<Obs _TYPE_="DECISION" VARIABLE="DECISION1" LABEL="WINS" LEVEL="" EVENT="" ORDER="" FORMAT="" TYPE="N" COST="" USE="Y"/>
<Obs _TYPE_="DECISION" VARIABLE="DECISION2" LABEL="LOSES" LEVEL="" EVENT="" ORDER="" FORMAT="" TYPE="N" COST="" USE="Y"/>
<Obs _TYPE_="DATAPRIOR" VARIABLE="DATAPRIOR" LABEL="Data Prior" LEVEL="" EVENT="" ORDER="" FORMAT="" TYPE="N" COST="" USE="N"/>
<Obs _TYPE_="TRAINPRIOR" VARIABLE="TRAINPRIOR" LABEL="Training Prior" LEVEL="" EVENT="" ORDER="" FORMAT="" TYPE="N" COST="" USE="N"/>
<Obs _TYPE_="DECPRIOR" VARIABLE="DECPRIOR" LABEL="Decision Prior" LEVEL="" EVENT="" ORDER="" FORMAT="" TYPE="N" COST="" USE="N"/>
<Obs _TYPE_="PREDICTED" VARIABLE="P_RETURNS_vs_INDEX_NEXTWINS" LABEL="Predicted: RETURNS_vs_INDEX_NEXT=WINS" LEVEL="WINS" EVENT="" ORDER="" FORMAT="" TYPE="N" COST="" USE=""/>
<Obs _TYPE_="RESIDUAL" VARIABLE="R_RETURNS_vs_INDEX_NEXTWINS" LABEL="Residual: RETURNS_vs_INDEX_NEXT=WINS" LEVEL="WINS" EVENT="" ORDER="" FORMAT="" TYPE="N" COST="" USE=""/>
<Obs _TYPE_="PREDICTED" VARIABLE="P_RETURNS_vs_INDEX_NEXTLOSES" LABEL="Predicted: RETURNS_vs_INDEX_NEXT=LOSES" LEVEL="LOSES" EVENT="" ORDER="" FORMAT="" TYPE="N" COST="" USE=""/>
<Obs _TYPE_="RESIDUAL" VARIABLE="R_RETURNS_vs_INDEX_NEXTLOSES" LABEL="Residual: RETURNS_vs_INDEX_NEXT=LOSES" LEVEL="LOSES" EVENT="" ORDER="" FORMAT="" TYPE="N" COST="" USE=""/>
<Obs _TYPE_="FROM" VARIABLE="F_RETURNS_vs_INDEX_NEXT" LABEL="From: RETURNS_vs_INDEX_NEXT" LEVEL="" EVENT="" ORDER="" FORMAT="" TYPE="C" COST="" USE=""/>
<Obs _TYPE_="INTO" VARIABLE="I_RETURNS_vs_INDEX_NEXT" LABEL="Into: RETURNS_vs_INDEX_NEXT" LEVEL="" EVENT="" ORDER="" FORMAT="" TYPE="C" COST="" USE=""/>
</Data>
<Metadata>
<Variable NAME="_TYPE_" LABEL="Type" LENGTH="32" FORMAT="" TYPE="C"/>
<Variable NAME="VARIABLE" LABEL="Variable" LENGTH="32" FORMAT="" TYPE="C"/>
<Variable NAME="LABEL" LABEL="Label" LENGTH="256" FORMAT="" TYPE="C"/>
<Variable NAME="LEVEL" LABEL="Measurement Level" LENGTH="32" FORMAT="" TYPE="C"/>
<Variable NAME="EVENT" LABEL="Target Event" LENGTH="32" FORMAT="" TYPE="C"/>
<Variable NAME="ORDER" LABEL="Order" LENGTH="10" FORMAT="" TYPE="C"/>
<Variable NAME="FORMAT" LABEL="Format" LENGTH="32" FORMAT="" TYPE="C"/>
<Variable NAME="TYPE" LABEL="Type" LENGTH="1" FORMAT="" TYPE="C"/>
<Variable NAME="COST" LABEL="Cost" LENGTH="32" FORMAT="" TYPE="C"/>
<Variable NAME="USE" LABEL="Use" LENGTH="1" FORMAT="" TYPE="C"/>
</Metadata>
</DecMeta>
</RETURNS_vs_INDEX_NEXT>
</EmTargetAttributes>
<EmVariableAttributes/>
<EmFileProperties>
<USERTRAINCODE Type="EXTERNAL" Extension="sas">
<Data/>
</USERTRAINCODE>
<EMNOTES Type="EXTERNAL" Extension="txt">
<Data/>
</EMNOTES>
</EmFileProperties>
</PROPERTIES>
</NODE>
<NODE CLASS="SASHELP.EMSAMP.IDS.CLASS" COMPONENT="DataSource" ID="Ids" X="1120" Y="467" DESCRIPTION="Test" DIAGRAMID="_ROOT_" PARENTID="" TOOLTYPE="SAMPLE" TOOLPREFIX="Ids">
<PROPERTIES DataSource="emsavetrain" Scope="LOCAL" Role="TEST" Library="OUTLIERS" Table="EM_SAVE_TRAIN" NCols="221" NObs="385772" NBytes="683410432" Segment="" DataSourceRole="TEST" OutputType="VIEW" ForceRun="N" ComputeStatistics="N" DataSelection="DATASOURCE" NewTable="" MetaAdvisor="BASIC" ApplyIntervalLevelLowerLimit="Y" IntervalLowerLimit="20" ApplyMaxPercentMissing="Y" MaxPercentMissing="50" ApplyMaxClassLevels="Y" MaxClassLevels="20" IdentifyEmptyColumns="Y" VariableValidation="STRICT" NewVariableRole="REJECT" DropMapVariables="Y" DsId="emsavetrain" DsSampleName="" DsSampleSizeType="" DsSampleSize="" DsCreatedBy="fdoutel0" DsCreateDate="1858326184.6" DsModifiedBy="fdoutel0" DsModifyDate="1858326184.6" DsScope="LOCAL" Sample="D" SampleSizeType="PERCENT" SampleSizePercent="20" SampleSizeObs="10000" DBPassThrough="Y" RunAction="Train" Component="DataSource" Description="">
<VariableProperties/>
<EmVariableAttributes/>
<EmTargetAttributes/>
<EmFileProperties>
<EMNOTES Type="EXTERNAL" Extension="txt">
<Data/>
</EMNOTES>
</EmFileProperties>
</PROPERTIES>
</NODE>
<NODE CLASS="SASHELP.EMMDFY.EMIMPUTE.CLASS" COMPONENT="Impute" ID="Impt" X="510" Y="363" DESCRIPTION="Impute" DIAGRAMID="_ROOT_" PARENTID="" TOOLTYPE="MODIFY" TOOLPREFIX="Impt">
<PROPERTIES MethodInterval="MEAN" MethodClass="COUNT" MethodTargetInterval="MEAN" MethodTargetClass="NONE" ABWTuning="9" AHUBERTuning="1.5" AWAVETuning="6.2831853072" SpacingProportion="90" DefaultChar="" DefaultNum="." RandomSeed="12345" Normalize="Y" ImputeNoMissing="N" MaxPctMissing="50" ValidateTestMissing="Y" DistributionMissing="Y" LeafSize="5" Maxbranch="2" Maxdepth="6" MinCatSize="5" Nrules="5" Nsurrs="2" Splitsize="." Indicator="NONE" IndicatorRole="REJECTED" ReplaceVariable="N" HideVariable="Y" IndicatorSource="IMPUTED" ForceRun="N" RunAction="Train" Component="Impute">
<VariableProperties/>
<EmTargetAttributes/>
<EmVariableAttributes/>
<EmFileProperties>
<EMNOTES Type="EXTERNAL" Extension="txt">
<Data/>
</EMNOTES>
</EmFileProperties>
</PROPERTIES>
</NODE>
<NODE CLASS="SASHELP.EMMDFY.EMIMPUTE.CLASS" COMPONENT="Impute" ID="Impt2" X="497" Y="593" DESCRIPTION="Impute" DIAGRAMID="_ROOT_" PARENTID="" TOOLTYPE="MODIFY" TOOLPREFIX="Impt">
<PROPERTIES MethodInterval="MEAN" MethodClass="COUNT" MethodTargetInterval="MEAN" MethodTargetClass="NONE" ABWTuning="9" AHUBERTuning="1.5" AWAVETuning="6.2831853072" SpacingProportion="90" DefaultChar="" DefaultNum="." RandomSeed="12345" Normalize="Y" ImputeNoMissing="N" MaxPctMissing="50" ValidateTestMissing="Y" DistributionMissing="Y" LeafSize="5" Maxbranch="2" Maxdepth="6" MinCatSize="5" Nrules="5" Nsurrs="2" Splitsize="." Indicator="NONE" IndicatorRole="REJECTED" ReplaceVariable="N" HideVariable="Y" IndicatorSource="IMPUTED" ForceRun="N" RunAction="Train" Component="Impute">
<VariableProperties/>
<EmTargetAttributes/>
<EmVariableAttributes/>
<EmFileProperties>
<EMNOTES Type="EXTERNAL" Extension="txt">
<Data/>
</EMNOTES>
</EmFileProperties>
</PROPERTIES>
</NODE>
<NODE CLASS="SASHELP.EMASSMT.ASSESS.CLASS" COMPONENT="ModelCompare" ID="MdlComp" X="1698" Y="396" DESCRIPTION="Model Comparison" DIAGRAMID="_ROOT_" PARENTID="" TOOLTYPE="ASSESS" TOOLPREFIX="MdlComp">
<PROPERTIES NumberOfReportedLevels="1E-6" NormalizeReportingVariables="Y" DecileBin="20" LiftEpsilon="1E-6" ProfitEpsilon="1E-6" RoiEpsilon="1E-6" ScoreDistBin="20" RocChart="Y" RocEpsilon="0.01" AssessAllTargetLevels="N" SelectionData="DEFAULT" HPCriteria="DEFAULT" intervalViyaCriteria="DEFAULT" classViyaCriteria="DEFAULT" SelectionTable="TRAIN" SelectionCriteria="DEFAULT" SelectionDepth="10" NumberofBins="20" RecomputeAssess="N" TargetName="RETURNS_vs_INDEX_NEXT" ModelId="HPNNA" ModelDescription="HP Red neuronal" ModelCriteria="Valid: Misclassification Rate" ForceRun="N" RunAction="Train" Component="ModelCompare" StatisticUsed="_VMISC_" TargetLabel="">
<VariableProperties/>
<EmTargetAttributes/>
<EmVariableAttributes/>
<EmFileProperties>
<EMNOTES Type="EXTERNAL" Extension="txt">
<Data/>
</EMNOTES>
</EmFileProperties>
</PROPERTIES>
</NODE>
<NODE CLASS="SASHELP.EMSAMP.EMDPART.CLASS" COMPONENT="Partition" ID="Part" X="1104" Y="396" DESCRIPTION="Partición de datos" DIAGRAMID="_ROOT_" PARENTID="" TOOLTYPE="SAMPLE" TOOLPREFIX="Part">
<PROPERTIES Method="DEFAULT" TrainPct="80" ValidatePct="20" TestPct="0" RandomSeed="12345" OutputType="DATA" IntervalDistribution="Y" ClassDistribution="Y" ForceRun="N" RunAction="Train" Component="Partition">
<VariableProperties/>
<EmTargetAttributes/>
<EmVariableAttributes>
<DELTA Variable="Ticker" AttributeName="PARTITIONROLE" AttributeValue="STRATIFICATION"/>
</EmVariableAttributes>
<EmFileProperties>
<EMNOTES Type="EXTERNAL" Extension="txt">
<Data/>
</EMNOTES>
</EmFileProperties>
</PROPERTIES>
</NODE>
<NODE CLASS="SASHELP.EMMODL.REGRESSION.CLASS" COMPONENT="Regression" ID="Reg" X="1500" Y="561" DESCRIPTION="Regression" DIAGRAMID="_ROOT_" PARENTID="" TOOLTYPE="MODEL" TOOLPREFIX="Reg">
<PROPERTIES MainEffect="Y" TwoFactor="N" Polynomial="N" PolynomialDegree="2" Terms="N" Error="LOGISTIC" LinkFunction="LOGIT" SuppressIntercept="N" InputCoding="DEVIATION" MinResourceUse="N" ModelSelection="NONE" SelectionCriterion="DEFAULT" SelectionDefault="Y" Sequential="N" SlEntry="0.05" SlStay="0.05" Start="0" Stop="0" Force="0" Hierarchy="CLASS" Rule="NONE" MaxStep="." StepOutput="N" OptimizationTechnique="DEFAULT" ModelDefaults="Y" MaxIterations="." MaxFunctionCalls="." MaxCPUTime="1 HOUR" ConvDefaults="Y" AbsConvValue="-1.34078E154" AbsFValue="0" AbsFTime="1" AbsGValue="0.00001" AbsGTime="1" AbsXValue="1E-8" AbsXTime="1" FConvValue="0" FConvTimes="1" GConvValue="1E-6" GConvTimes="1" ClParm="N" Covout="N" CovB="N" CorB="N" Simple="N" SuppressOutput="N" Details="N" PrintDesignMatrix="N" SASSPDS="N" Performance="N" ExcludedVariable="REJECT" ForceRun="N" RunAction="Train" Component="Regression" Interactions="">
<VariableProperties/>
<EmTargetAttributes>
<RETURNS_vs_INDEX_NEXT>
<DecData Table="EMWS6.Reg_RETURNS_vs_INDEX_DD">
<Data>
<Obs RETURNS_VS_INDEX_NEXT="WINS" COUNT="118099" DATAPRIOR="0.3017054683" TRAINPRIOR="0.3983358124" DECPRIOR="." DECISION1="1" DECISION2="0"/>
<Obs RETURNS_VS_INDEX_NEXT="LOSES" COUNT="178382" DATAPRIOR="0.6982945317" TRAINPRIOR="0.6016641876" DECPRIOR="." DECISION1="0" DECISION2="1"/>
</Data>
<Metadata>
<Variable NAME="RETURNS_vs_INDEX_NEXT" LABEL="" LENGTH="32" FORMAT="" TYPE="C"/>
<Variable NAME="COUNT" LABEL="Level Counts" LENGTH="8" FORMAT="10." TYPE="N"/>
<Variable NAME="DATAPRIOR" LABEL="Data Proportions" LENGTH="8" FORMAT="" TYPE="N"/>
<Variable NAME="TRAINPRIOR" LABEL="Training Proportions" LENGTH="8" FORMAT="" TYPE="N"/>
<Variable NAME="DECPRIOR" LABEL="Decision Priors" LENGTH="8" FORMAT="" TYPE="N"/>
<Variable NAME="DECISION1" LABEL="WINS" LENGTH="8" FORMAT="" TYPE="N"/>
<Variable NAME="DECISION2" LABEL="LOSES" LENGTH="8" FORMAT="" TYPE="N"/>
</Metadata>
</DecData>
<DecMeta Table="EMWS6.Reg_RETURNS_vs_INDEX_DM">
<Data>
<Obs _TYPE_="MATRIX" VARIABLE="" LABEL="" LEVEL="PROFIT" EVENT="" ORDER="" FORMAT="" TYPE="" COST="" USE="N"/>
<Obs _TYPE_="TARGET" VARIABLE="RETURNS_vs_INDEX_NEXT" LABEL="" LEVEL="BINARY" EVENT="WINS" ORDER="" FORMAT="$5." TYPE="C" COST="" USE=""/>
<Obs _TYPE_="DECISION" VARIABLE="DECISION1" LABEL="WINS" LEVEL="" EVENT="" ORDER="" FORMAT="" TYPE="N" COST="" USE="Y"/>
<Obs _TYPE_="DECISION" VARIABLE="DECISION2" LABEL="LOSES" LEVEL="" EVENT="" ORDER="" FORMAT="" TYPE="N" COST="" USE="Y"/>
<Obs _TYPE_="DATAPRIOR" VARIABLE="DATAPRIOR" LABEL="Data Prior" LEVEL="" EVENT="" ORDER="" FORMAT="" TYPE="N" COST="" USE="N"/>
<Obs _TYPE_="TRAINPRIOR" VARIABLE="TRAINPRIOR" LABEL="Training Prior" LEVEL="" EVENT="" ORDER="" FORMAT="" TYPE="N" COST="" USE="N"/>
<Obs _TYPE_="DECPRIOR" VARIABLE="DECPRIOR" LABEL="Decision Prior" LEVEL="" EVENT="" ORDER="" FORMAT="" TYPE="N" COST="" USE="N"/>
<Obs _TYPE_="PREDICTED" VARIABLE="P_RETURNS_vs_INDEX_NEXTWINS" LABEL="Predicted: RETURNS_vs_INDEX_NEXT=WINS" LEVEL="WINS" EVENT="" ORDER="" FORMAT="" TYPE="N" COST="" USE=""/>
<Obs _TYPE_="RESIDUAL" VARIABLE="R_RETURNS_vs_INDEX_NEXTWINS" LABEL="Residual: RETURNS_vs_INDEX_NEXT=WINS" LEVEL="WINS" EVENT="" ORDER="" FORMAT="" TYPE="N" COST="" USE=""/>
<Obs _TYPE_="PREDICTED" VARIABLE="P_RETURNS_vs_INDEX_NEXTLOSES" LABEL="Predicted: RETURNS_vs_INDEX_NEXT=LOSES" LEVEL="LOSES" EVENT="" ORDER="" FORMAT="" TYPE="N" COST="" USE=""/>
<Obs _TYPE_="RESIDUAL" VARIABLE="R_RETURNS_vs_INDEX_NEXTLOSES" LABEL="Residual: RETURNS_vs_INDEX_NEXT=LOSES" LEVEL="LOSES" EVENT="" ORDER="" FORMAT="" TYPE="N" COST="" USE=""/>
<Obs _TYPE_="FROM" VARIABLE="F_RETURNS_vs_INDEX_NEXT" LABEL="From: RETURNS_vs_INDEX_NEXT" LEVEL="" EVENT="" ORDER="" FORMAT="" TYPE="C" COST="" USE=""/>
<Obs _TYPE_="INTO" VARIABLE="I_RETURNS_vs_INDEX_NEXT" LABEL="Into: RETURNS_vs_INDEX_NEXT" LEVEL="" EVENT="" ORDER="" FORMAT="" TYPE="C" COST="" USE=""/>
</Data>
<Metadata>
<Variable NAME="_TYPE_" LABEL="Type" LENGTH="32" FORMAT="" TYPE="C"/>
<Variable NAME="VARIABLE" LABEL="Variable" LENGTH="32" FORMAT="" TYPE="C"/>
<Variable NAME="LABEL" LABEL="Label" LENGTH="256" FORMAT="" TYPE="C"/>
<Variable NAME="LEVEL" LABEL="Measurement Level" LENGTH="32" FORMAT="" TYPE="C"/>
<Variable NAME="EVENT" LABEL="Target Event" LENGTH="32" FORMAT="" TYPE="C"/>
<Variable NAME="ORDER" LABEL="Order" LENGTH="10" FORMAT="" TYPE="C"/>
<Variable NAME="FORMAT" LABEL="Format" LENGTH="32" FORMAT="" TYPE="C"/>
<Variable NAME="TYPE" LABEL="Type" LENGTH="1" FORMAT="" TYPE="C"/>
<Variable NAME="COST" LABEL="Cost" LENGTH="32" FORMAT="" TYPE="C"/>
<Variable NAME="USE" LABEL="Use" LENGTH="1" FORMAT="" TYPE="C"/>
</Metadata>
</DecMeta>
</RETURNS_vs_INDEX_NEXT>
</EmTargetAttributes>
<EmVariableAttributes/>
<EmFileProperties>
<EMNOTES Type="EXTERNAL" Extension="txt">
<Data/>
</EMNOTES>
</EmFileProperties>
</PROPERTIES>
</NODE>
<NODE CLASS="SASHELP.EMUTIL.EMSCORE.CLASS" COMPONENT="Score" ID="Score" X="1863" Y="405" DESCRIPTION="Puntuación" DIAGRAMID="_ROOT_" PARENTID="" TOOLTYPE="ASSESS" TOOLPREFIX="Score">
<PROPERTIES OutputType="VIEW" FixedOutputNames="Y" HideVariables="N" HideInput="Y" HideTarget="Y" HideRejected="Y" HideAssess="Y" HidePredict="Y" HideFreq="Y" HideClassification="Y" HideResidual="Y" HideOther="Y" ScoreValidate="N" ScoreTest="N" CScore="N" JScore="N" PackageName="DEFAULT" UserPackageName="" PreferenceName="" OptimizedCode="Y" GraphReports="Y" ForceRun="N" RunAction="Train" Component="Score">
<VariableProperties/>
<EmVariableAttributes/>
<EmTargetAttributes/>
<EmFileProperties>
<EMNOTES Type="EXTERNAL" Extension="txt">
<Data/>
</EMNOTES>
</EmFileProperties>
</PROPERTIES>
</NODE>
<NODE CLASS="SASHELP.EMEXPL.STATEXPLORE.CLASS" COMPONENT="StatExplore" ID="Stat" X="510" Y="462" DESCRIPTION="StatExplore" DIAGRAMID="_ROOT_" PARENTID="" TOOLTYPE="EXPLORE" TOOLPREFIX="Stat">
<PROPERTIES BySegment="N" Correlation="Y" Spearman="N" Pearson="Y" ChiSquare="Y" ChiSquareInterval="N" ChiSquareIntervalNBins="5" MaximumVars="1000" HideVariable="Y" DropRejected="Y" UseValidate="N" UseTest="N" UseScore="N" NObs="100000" IntervalDistribution="Y" ClassDistribution="Y" LevelSummary="Y" ForceRun="N" RunAction="Train" Component="StatExplore">
<VariableProperties/>
<EmTargetAttributes/>
<EmFileProperties>
<CROSSTAB Type="DATA">
<Data/>
<Metadata/>
</CROSSTAB>
<EMNOTES Type="EXTERNAL" Extension="txt">
<Data/>
</EMNOTES>
</EmFileProperties>
</PROPERTIES>
</NODE>
<NODE CLASS="SASHELP.EMEXPL.STATEXPLORE.CLASS" COMPONENT="StatExplore" ID="Stat2" X="1263" Y="396" DESCRIPTION="StatExplore (2)" DIAGRAMID="_ROOT_" PARENTID="" TOOLTYPE="EXPLORE" TOOLPREFIX="Stat">
<PROPERTIES BySegment="N" Correlation="Y" Spearman="N" Pearson="Y" ChiSquare="Y" ChiSquareInterval="N" ChiSquareIntervalNBins="5" MaximumVars="1000" HideVariable="Y" DropRejected="Y" UseValidate="N" UseTest="N" UseScore="N" NObs="100000" IntervalDistribution="Y" ClassDistribution="Y" LevelSummary="Y" ForceRun="N" RunAction="Train" Component="StatExplore">
<VariableProperties/>
<EmTargetAttributes/>
<EmVariableAttributes/>
<EmFileProperties>
<CROSSTAB Type="DATA">
<Data/>
<Metadata/>
</CROSSTAB>
<EMNOTES Type="EXTERNAL" Extension="txt">
<Data/>
</EMNOTES>
</EmFileProperties>
</PROPERTIES>
</NODE>
<NODE CLASS="SASHELP.EMEXPL.STATEXPLORE.CLASS" COMPONENT="StatExplore" ID="Stat3" X="906" Y="297" DESCRIPTION="Explorador de estadísticos (3)" DIAGRAMID="_ROOT_" PARENTID="" TOOLTYPE="EXPLORE" TOOLPREFIX="Stat">
<PROPERTIES BySegment="N" Correlation="Y" Spearman="N" Pearson="Y" ChiSquare="Y" ChiSquareInterval="N" ChiSquareIntervalNBins="5" MaximumVars="1000" HideVariable="Y" DropRejected="Y" UseValidate="N" UseTest="N" UseScore="N" NObs="100000" IntervalDistribution="Y" ClassDistribution="Y" LevelSummary="Y" ForceRun="N" RunAction="Train" Component="StatExplore">
<VariableProperties/>
<EmTargetAttributes/>
<EmVariableAttributes/>
<EmFileProperties>
<CROSSTAB Type="DATA">
<Data/>
<Metadata/>
</CROSSTAB>
<EMNOTES Type="EXTERNAL" Extension="txt">
<Data/>
</EMNOTES>
</EmFileProperties>
</PROPERTIES>
</NODE>
<NODE CLASS="SASHELP.EMEXPL.VARSELECTION.CLASS" COMPONENT="VariableSelection" ID="Varsel" X="906" Y="396" DESCRIPTION="Selección de variables" DIAGRAMID="_ROOT_" PARENTID="" TOOLTYPE="EXPLORE" TOOLPREFIX="Varsel">
<PROPERTIES TargetModel="BOTH" HideRejectedVars="Y" MaxMissingPercent="50" MaxLevel="100" RejectUnusedInputVars="N" ByPassVars="NONE" ByPassVarsRole="INPUT" HideUnusedInputVars="Y" UseAov16="Y" UseInteractions="Y" UseGroups="Y" MinR2="0.0015" StopR2="0.00005" MaxRows="3000" Passes="6" ChiSquare="3.84" Bins="50" SASSPDS="Y" PrintOption="DEFAULT" ForceRun="N" RunAction="Train" Component="VariableSelection" VarselLabel="VARSELLABEL" RoleUnusedVars="DEFAULT">
<VariableProperties/>
<ManualSelectionVariables/>
<NameMappings/>
<EmTargetAttributes/>
<EmVariableAttributes/>
<EmFileProperties>
<EMNOTES Type="EXTERNAL" Extension="txt">
<Data/>
</EMNOTES>
</EmFileProperties>
</PROPERTIES>
</NODE>
</NODES>
<CONNECTIONS>
<CONNECTION FROM="Stat2" TO="HPNNA"/>
<CONNECTION FROM="Stat2" TO="HPVS"/>
<CONNECTION FROM="Stat2" TO="DMNeural"/>
<CONNECTION FROM="Stat2" TO="AutoNeural"/>
<CONNECTION FROM="Stat2" TO="HPReg"/>
<CONNECTION FROM="Stat2" TO="HPSVM"/>
<CONNECTION FROM="Stat2" TO="HPBNC"/>
<CONNECTION FROM="HPBNC" TO="MdlComp"/>
<CONNECTION FROM="HPSVM" TO="MdlComp"/>
<CONNECTION FROM="HPReg" TO="MdlComp"/>
<CONNECTION FROM="AutoNeural" TO="MdlComp"/>
<CONNECTION FROM="DMNeural" TO="MdlComp"/>
<CONNECTION FROM="HPVS" TO="MdlComp"/>
<CONNECTION FROM="HPNNA" TO="MdlComp"/>
<CONNECTION FROM="MdlComp" TO="Score"/>
<CONNECTION FROM="Filter" TO="Impt"/>
<CONNECTION FROM="Filter" TO="Stat"/>
<CONNECTION FROM="Impt" TO="CNTRL"/>
<CONNECTION FROM="CNTRL" TO="GrfExpl"/>
<CONNECTION FROM="CNTRL" TO="Stat3"/>
<CONNECTION FROM="CNTRL" TO="Varsel"/>
<CONNECTION FROM="Varsel" TO="Part"/>
<CONNECTION FROM="Part" TO="Stat2"/>
<CONNECTION FROM="FIMPORT" TO="Filter"/>
<CONNECTION FROM="FIMPORT" TO="Filter2"/>
<CONNECTION FROM="Filter2" TO="Impt2"/>
<CONNECTION FROM="Impt2" TO="EMSave2"/>
<CONNECTION FROM="Ids" TO="Stat2"/>
<CONNECTION FROM="Score" TO="EMSave"/>
</CONNECTIONS>
<NOTES>
<DATA><![CDATA[





]]>
</DATA>
</NOTES>
</Workspace>
</_ROOT_>
